date,provider,gpu_model,tier,price_usd_per_gpu_hr,n_offers,notes
2026-06-13,vast.ai,H100,marketplace_on_demand,2.4022,47,median across verified rentable offers
2026-06-13,vast.ai,H200,marketplace_on_demand,3.6848,51,median across verified rentable offers
2026-06-13,vast.ai,B200,marketplace_on_demand,4.3769,40,median across verified rentable offers
2026-06-13,vast.ai,A100,marketplace_on_demand,0.6549,28,median across verified rentable offers
2026-06-13,runpod,H100,secure_cloud,3.19,3,datacenter-grade tier
2026-06-13,runpod,H100,community_cloud,2.59,3,community tier - not comparable to dedicated
2026-06-13,runpod,H200,secure_cloud,4.09,2,datacenter-grade tier
2026-06-13,runpod,H200,community_cloud,2.045,2,community tier - not comparable to dedicated
2026-06-13,runpod,B200,secure_cloud,5.89,1,datacenter-grade tier
2026-06-13,runpod,B200,community_cloud,5.98,1,community tier - not comparable to dedicated
2026-06-13,runpod,A100,secure_cloud,1.44,3,datacenter-grade tier
2026-06-13,runpod,A100,community_cloud,1.19,3,community tier - not comparable to dedicated
2026-06-13,vast.ai,H100,marketplace_on_demand,2.565,42,median across verified rentable offers
2026-06-13,vast.ai,H200,marketplace_on_demand,3.6853,55,median across verified rentable offers
2026-06-13,vast.ai,B200,marketplace_on_demand,4.3761,43,median across verified rentable offers
2026-06-13,vast.ai,A100,marketplace_on_demand,0.694,22,median across verified rentable offers
2026-06-13,runpod,H100,secure_cloud,3.19,3,datacenter-grade tier
2026-06-13,runpod,H100,community_cloud,2.59,3,community tier - not comparable to dedicated
2026-06-13,runpod,H200,secure_cloud,4.09,2,datacenter-grade tier
2026-06-13,runpod,H200,community_cloud,2.045,2,community tier - not comparable to dedicated
2026-06-13,runpod,B200,secure_cloud,5.89,1,datacenter-grade tier
2026-06-13,runpod,B200,community_cloud,5.98,1,community tier - not comparable to dedicated
2026-06-13,runpod,A100,secure_cloud,1.44,3,datacenter-grade tier
2026-06-13,runpod,A100,community_cloud,1.19,3,community tier - not comparable to dedicated
2026-06-14,vast.ai,H100,marketplace_on_demand,2.4613,50,median across verified rentable offers
2026-06-14,vast.ai,H200,marketplace_on_demand,3.5533,60,median across verified rentable offers
2026-06-14,vast.ai,B200,marketplace_on_demand,4.3759,40,median across verified rentable offers
2026-06-14,vast.ai,A100,marketplace_on_demand,0.5622,26,median across verified rentable offers
2026-06-14,runpod,H100,secure_cloud,3.19,3,datacenter-grade tier
2026-06-14,runpod,H100,community_cloud,2.59,3,community tier - not comparable to dedicated
2026-06-14,runpod,H200,secure_cloud,4.09,2,datacenter-grade tier
2026-06-14,runpod,H200,community_cloud,2.045,2,community tier - not comparable to dedicated
2026-06-14,runpod,B200,secure_cloud,5.89,1,datacenter-grade tier
2026-06-14,runpod,B200,community_cloud,5.98,1,community tier - not comparable to dedicated
2026-06-14,runpod,A100,secure_cloud,1.44,3,datacenter-grade tier
2026-06-14,runpod,A100,community_cloud,1.19,3,community tier - not comparable to dedicated
2026-06-15,vast.ai,H100,marketplace_on_demand,2.4024,42,median across verified rentable offers
2026-06-15,vast.ai,H200,marketplace_on_demand,3.6845,43,median across verified rentable offers
2026-06-15,vast.ai,B200,marketplace_on_demand,4.5017,41,median across verified rentable offers
2026-06-15,vast.ai,A100,marketplace_on_demand,0.6707,35,median across verified rentable offers
2026-06-15,runpod,H100,secure_cloud,3.19,3,datacenter-grade tier
2026-06-15,runpod,H100,community_cloud,2.59,3,community tier - not comparable to dedicated
2026-06-15,runpod,H200,secure_cloud,4.09,2,datacenter-grade tier
2026-06-15,runpod,H200,community_cloud,2.045,2,community tier - not comparable to dedicated
2026-06-15,runpod,B200,secure_cloud,5.89,1,datacenter-grade tier
2026-06-15,runpod,B200,community_cloud,5.98,1,community tier - not comparable to dedicated
2026-06-15,runpod,A100,secure_cloud,1.44,3,datacenter-grade tier
2026-06-15,runpod,A100,community_cloud,1.19,3,community tier - not comparable to dedicated
2026-06-16,vast.ai,H100,marketplace_on_demand,2.566,34,median across verified rentable offers
2026-06-16,vast.ai,H200,marketplace_on_demand,3.5947,45,median across verified rentable offers
2026-06-16,vast.ai,B200,marketplace_on_demand,4.3767,49,median across verified rentable offers
2026-06-16,vast.ai,A100,marketplace_on_demand,0.6689,30,median across verified rentable offers
2026-06-16,runpod,H100,secure_cloud,3.19,3,datacenter-grade tier
2026-06-16,runpod,H100,community_cloud,2.59,3,community tier - not comparable to dedicated
2026-06-16,runpod,H200,secure_cloud,4.09,2,datacenter-grade tier
2026-06-16,runpod,H200,community_cloud,2.045,2,community tier - not comparable to dedicated
2026-06-16,runpod,B200,secure_cloud,5.89,1,datacenter-grade tier
2026-06-16,runpod,B200,community_cloud,5.98,1,community tier - not comparable to dedicated
2026-06-16,runpod,A100,secure_cloud,1.44,3,datacenter-grade tier
2026-06-16,runpod,A100,community_cloud,1.19,3,community tier - not comparable to dedicated
2026-06-17,vast.ai,H100,marketplace_on_demand,2.403,37,median across verified rentable offers
2026-06-17,vast.ai,H200,marketplace_on_demand,3.6848,33,median across verified rentable offers
2026-06-17,vast.ai,B200,marketplace_on_demand,4.3764,48,median across verified rentable offers
2026-06-17,vast.ai,A100,marketplace_on_demand,0.7224,41,median across verified rentable offers
2026-06-17,runpod,H100,secure_cloud,3.19,3,datacenter-grade tier
2026-06-17,runpod,H100,community_cloud,2.59,3,community tier - not comparable to dedicated
2026-06-17,runpod,H200,secure_cloud,4.09,2,datacenter-grade tier
2026-06-17,runpod,H200,community_cloud,2.045,2,community tier - not comparable to dedicated
2026-06-17,runpod,B200,secure_cloud,5.89,1,datacenter-grade tier
2026-06-17,runpod,B200,community_cloud,5.98,1,community tier - not comparable to dedicated
2026-06-17,runpod,A100,secure_cloud,1.44,3,datacenter-grade tier
2026-06-17,runpod,A100,community_cloud,1.19,3,community tier - not comparable to dedicated
2026-06-18,vast.ai,H100,marketplace_on_demand,2.4004,33,median across verified rentable offers
2026-06-18,vast.ai,H200,marketplace_on_demand,3.4216,45,median across verified rentable offers
2026-06-18,vast.ai,B200,marketplace_on_demand,4.3785,39,median across verified rentable offers
2026-06-18,vast.ai,A100,marketplace_on_demand,0.6767,32,median across verified rentable offers
2026-06-18,runpod,H100,secure_cloud,3.19,3,datacenter-grade tier
2026-06-18,runpod,H100,community_cloud,2.59,3,community tier - not comparable to dedicated
2026-06-18,runpod,H200,secure_cloud,4.09,2,datacenter-grade tier
2026-06-18,runpod,H200,community_cloud,2.045,2,community tier - not comparable to dedicated
2026-06-18,runpod,B200,secure_cloud,5.89,1,datacenter-grade tier
2026-06-18,runpod,B200,community_cloud,5.98,1,community tier - not comparable to dedicated
2026-06-18,runpod,A100,secure_cloud,1.44,3,datacenter-grade tier
2026-06-18,runpod,A100,community_cloud,1.19,3,community tier - not comparable to dedicated
2026-06-19,vast.ai,H100,marketplace_on_demand,2.3038,30,median across verified rentable offers
2026-06-19,vast.ai,H200,marketplace_on_demand,3.3176,50,median across verified rentable offers
2026-06-19,vast.ai,B200,marketplace_on_demand,4.9911,34,median across verified rentable offers
2026-06-19,vast.ai,A100,marketplace_on_demand,0.5622,23,median across verified rentable offers
2026-06-19,runpod,H100,secure_cloud,3.19,3,datacenter-grade tier
2026-06-19,runpod,H100,community_cloud,2.59,3,community tier - not comparable to dedicated
2026-06-19,runpod,H200,secure_cloud,4.09,2,datacenter-grade tier
2026-06-19,runpod,H200,community_cloud,2.045,2,community tier - not comparable to dedicated
2026-06-19,runpod,B200,secure_cloud,5.89,1,datacenter-grade tier
2026-06-19,runpod,B200,community_cloud,5.98,1,community tier - not comparable to dedicated
2026-06-19,runpod,A100,secure_cloud,1.44,3,datacenter-grade tier
2026-06-19,runpod,A100,community_cloud,1.19,3,community tier - not comparable to dedicated
2026-06-20,vast.ai,H100,marketplace_on_demand,2.2024,44,median across verified rentable offers
2026-06-20,vast.ai,H200,marketplace_on_demand,3.6845,43,median across verified rentable offers
2026-06-20,vast.ai,B200,marketplace_on_demand,4.3802,38,median across verified rentable offers
2026-06-20,vast.ai,A100,marketplace_on_demand,0.7342,23,median across verified rentable offers
2026-06-20,runpod,H100,secure_cloud,3.19,3,datacenter-grade tier
2026-06-20,runpod,H100,community_cloud,2.59,3,community tier - not comparable to dedicated
2026-06-20,runpod,H200,secure_cloud,4.09,2,datacenter-grade tier
2026-06-20,runpod,H200,community_cloud,2.045,2,community tier - not comparable to dedicated
2026-06-20,runpod,B200,secure_cloud,5.89,1,datacenter-grade tier
2026-06-20,runpod,B200,community_cloud,5.98,1,community tier - not comparable to dedicated
2026-06-20,runpod,A100,secure_cloud,1.44,3,datacenter-grade tier
2026-06-20,runpod,A100,community_cloud,1.19,3,community tier - not comparable to dedicated
2026-06-21,vast.ai,H100,marketplace_on_demand,2.1,45,median across verified rentable offers
2026-06-21,vast.ai,H200,marketplace_on_demand,3.6845,40,median across verified rentable offers
2026-06-21,vast.ai,B200,marketplace_on_demand,4.9924,29,median across verified rentable offers
2026-06-21,vast.ai,A100,marketplace_on_demand,0.5933,25,median across verified rentable offers
2026-06-21,runpod,H100,secure_cloud,3.19,3,datacenter-grade tier
2026-06-21,runpod,H100,community_cloud,2.59,3,community tier - not comparable to dedicated
2026-06-21,runpod,H200,secure_cloud,4.09,2,datacenter-grade tier
2026-06-21,runpod,H200,community_cloud,2.045,2,community tier - not comparable to dedicated
2026-06-21,runpod,B200,secure_cloud,5.89,1,datacenter-grade tier
2026-06-21,runpod,B200,community_cloud,5.98,1,community tier - not comparable to dedicated
2026-06-21,runpod,A100,secure_cloud,1.44,3,datacenter-grade tier
2026-06-21,runpod,A100,community_cloud,1.19,3,community tier - not comparable to dedicated
2026-06-22,vast.ai,H100,marketplace_on_demand,2.29,34,median across verified rentable offers
2026-06-22,vast.ai,H200,marketplace_on_demand,3.6848,40,median across verified rentable offers
2026-06-22,vast.ai,B200,marketplace_on_demand,4.6859,34,median across verified rentable offers
2026-06-22,vast.ai,A100,marketplace_on_demand,0.6009,21,median across verified rentable offers
2026-06-22,runpod,H100,secure_cloud,3.19,3,datacenter-grade tier
2026-06-22,runpod,H100,community_cloud,2.59,3,community tier - not comparable to dedicated
2026-06-22,runpod,H200,secure_cloud,4.09,2,datacenter-grade tier
2026-06-22,runpod,H200,community_cloud,2.045,2,community tier - not comparable to dedicated
2026-06-22,runpod,B200,secure_cloud,5.89,1,datacenter-grade tier
2026-06-22,runpod,B200,community_cloud,5.98,1,community tier - not comparable to dedicated
2026-06-22,runpod,A100,secure_cloud,1.44,3,datacenter-grade tier
2026-06-22,runpod,A100,community_cloud,1.19,3,community tier - not comparable to dedicated
2026-06-23,vast.ai,H100,marketplace_on_demand,2.1572,44,median across verified rentable offers
2026-06-23,vast.ai,H200,marketplace_on_demand,3.5547,48,median across verified rentable offers
2026-06-23,vast.ai,B200,marketplace_on_demand,4.7513,30,median across verified rentable offers
2026-06-23,vast.ai,A100,marketplace_on_demand,0.775,28,median across verified rentable offers
2026-06-23,runpod,H100,secure_cloud,3.19,3,datacenter-grade tier
2026-06-23,runpod,H100,community_cloud,2.59,3,community tier - not comparable to dedicated
2026-06-23,runpod,H200,secure_cloud,4.09,2,datacenter-grade tier
2026-06-23,runpod,H200,community_cloud,2.045,2,community tier - not comparable to dedicated
2026-06-23,runpod,B200,secure_cloud,5.89,1,datacenter-grade tier
2026-06-23,runpod,B200,community_cloud,5.98,1,community tier - not comparable to dedicated
2026-06-23,runpod,A100,secure_cloud,1.44,3,datacenter-grade tier
2026-06-23,runpod,A100,community_cloud,1.19,3,community tier - not comparable to dedicated
2026-06-24,vast.ai,H100,marketplace_on_demand,2.0022,41,median across verified rentable offers
2026-06-24,vast.ai,H200,marketplace_on_demand,3.7775,40,median across verified rentable offers
2026-06-24,vast.ai,B200,marketplace_on_demand,4.7388,30,median across verified rentable offers
2026-06-24,vast.ai,A100,marketplace_on_demand,0.6689,23,median across verified rentable offers
2026-06-24,runpod,H100,secure_cloud,3.19,3,datacenter-grade tier
2026-06-24,runpod,H100,community_cloud,2.59,3,community tier - not comparable to dedicated
2026-06-24,runpod,H200,secure_cloud,4.09,2,datacenter-grade tier
2026-06-24,runpod,H200,community_cloud,2.045,2,community tier - not comparable to dedicated
2026-06-24,runpod,B200,secure_cloud,5.89,1,datacenter-grade tier
2026-06-24,runpod,B200,community_cloud,5.98,1,community tier - not comparable to dedicated
2026-06-24,runpod,A100,secure_cloud,1.44,3,datacenter-grade tier
2026-06-24,runpod,A100,community_cloud,1.19,3,community tier - not comparable to dedicated
2026-06-25,vast.ai,H100,marketplace_on_demand,2.1013,38,median across verified rentable offers
2026-06-25,vast.ai,H200,marketplace_on_demand,3.5529,35,median across verified rentable offers
2026-06-25,vast.ai,B200,marketplace_on_demand,4.4774,35,median across verified rentable offers
2026-06-25,vast.ai,A100,marketplace_on_demand,0.8407,33,median across verified rentable offers
2026-06-25,runpod,H100,secure_cloud,3.19,3,datacenter-grade tier
2026-06-25,runpod,H100,community_cloud,2.59,3,community tier - not comparable to dedicated
2026-06-25,runpod,H200,secure_cloud,4.09,2,datacenter-grade tier
2026-06-25,runpod,H200,community_cloud,2.045,2,community tier - not comparable to dedicated
2026-06-25,runpod,B200,secure_cloud,5.89,1,datacenter-grade tier
2026-06-25,runpod,B200,community_cloud,5.98,1,community tier - not comparable to dedicated
2026-06-25,runpod,A100,secure_cloud,1.44,3,datacenter-grade tier
2026-06-25,runpod,A100,community_cloud,1.19,3,community tier - not comparable to dedicated
2026-06-26,vast.ai,H100,marketplace_on_demand,2.136,33,median across verified rentable offers
2026-06-26,vast.ai,H200,marketplace_on_demand,3.4206,39,median across verified rentable offers
2026-06-26,vast.ai,B200,marketplace_on_demand,4.3524,25,median across verified rentable offers
2026-06-26,runpod,H100,secure_cloud,3.19,3,datacenter-grade tier
2026-06-26,runpod,H100,community_cloud,2.59,3,community tier - not comparable to dedicated
2026-06-26,runpod,H200,secure_cloud,4.09,2,datacenter-grade tier
2026-06-26,runpod,H200,community_cloud,2.045,2,community tier - not comparable to dedicated
2026-06-26,runpod,B200,secure_cloud,5.89,1,datacenter-grade tier
2026-06-26,runpod,B200,community_cloud,5.98,1,community tier - not comparable to dedicated
2026-06-26,runpod,A100,secure_cloud,1.44,3,datacenter-grade tier
2026-06-26,runpod,A100,community_cloud,1.19,3,community tier - not comparable to dedicated
2026-06-27,vast.ai,H100,marketplace_on_demand,2.2022,45,median across verified rentable offers
2026-06-27,vast.ai,H200,marketplace_on_demand,3.4063,48,median across verified rentable offers
2026-06-27,vast.ai,B200,marketplace_on_demand,4.3769,38,median across verified rentable offers
2026-06-27,vast.ai,A100,marketplace_on_demand,0.7407,32,median across verified rentable offers
2026-06-27,runpod,H100,secure_cloud,3.19,3,datacenter-grade tier
2026-06-27,runpod,H100,community_cloud,2.59,3,community tier - not comparable to dedicated
2026-06-27,runpod,H200,secure_cloud,4.09,2,datacenter-grade tier
2026-06-27,runpod,H200,community_cloud,2.045,2,community tier - not comparable to dedicated
2026-06-27,runpod,B200,secure_cloud,5.89,1,datacenter-grade tier
2026-06-27,runpod,B200,community_cloud,5.98,1,community tier - not comparable to dedicated
2026-06-27,runpod,A100,secure_cloud,1.44,3,datacenter-grade tier
2026-06-27,runpod,A100,community_cloud,1.19,3,community tier - not comparable to dedicated
2026-06-28,vast.ai,H100,marketplace_on_demand,2.1743,47,median across verified rentable offers
2026-06-28,vast.ai,H200,marketplace_on_demand,3.5017,44,median across verified rentable offers
2026-06-28,vast.ai,B200,marketplace_on_demand,4.5646,32,median across verified rentable offers
2026-06-28,vast.ai,A100,marketplace_on_demand,0.8707,28,median across verified rentable offers
2026-06-28,runpod,H100,secure_cloud,3.19,3,datacenter-grade tier
2026-06-28,runpod,H100,community_cloud,2.59,3,community tier - not comparable to dedicated
2026-06-28,runpod,H200,secure_cloud,4.09,2,datacenter-grade tier
2026-06-28,runpod,H200,community_cloud,2.045,2,community tier - not comparable to dedicated
2026-06-28,runpod,B200,secure_cloud,5.89,1,datacenter-grade tier
2026-06-28,runpod,B200,community_cloud,5.98,1,community tier - not comparable to dedicated
2026-06-28,runpod,A100,secure_cloud,1.44,3,datacenter-grade tier
2026-06-28,runpod,A100,community_cloud,1.19,3,community tier - not comparable to dedicated
2026-06-29,vast.ai,H100,marketplace_on_demand,2.136,39,median across verified rentable offers
2026-06-29,vast.ai,H200,marketplace_on_demand,3.3715,37,median across verified rentable offers
2026-06-29,vast.ai,B200,marketplace_on_demand,5.0003,25,median across verified rentable offers
2026-06-29,vast.ai,A100,marketplace_on_demand,0.8691,22,median across verified rentable offers
2026-06-29,runpod,H100,secure_cloud,3.19,3,datacenter-grade tier
2026-06-29,runpod,H100,community_cloud,2.59,3,community tier - not comparable to dedicated
2026-06-29,runpod,H200,secure_cloud,4.09,2,datacenter-grade tier
2026-06-29,runpod,H200,community_cloud,2.045,2,community tier - not comparable to dedicated
2026-06-29,runpod,B200,secure_cloud,5.89,1,datacenter-grade tier
2026-06-29,runpod,B200,community_cloud,5.98,1,community tier - not comparable to dedicated
2026-06-29,runpod,A100,secure_cloud,1.44,3,datacenter-grade tier
2026-06-29,runpod,A100,community_cloud,1.19,3,community tier - not comparable to dedicated
2026-06-30,vast.ai,H100,marketplace_on_demand,2.0935,36,median across verified rentable offers
2026-06-30,vast.ai,H200,marketplace_on_demand,3.1267,13,median across verified rentable offers
2026-06-30,vast.ai,B200,marketplace_on_demand,5.6319,15,median across verified rentable offers
2026-06-30,vast.ai,A100,marketplace_on_demand,0.7529,29,median across verified rentable offers
2026-06-30,runpod,H100,secure_cloud,3.19,3,datacenter-grade tier
2026-06-30,runpod,H100,community_cloud,2.59,3,community tier - not comparable to dedicated
2026-06-30,runpod,H200,secure_cloud,4.09,2,datacenter-grade tier
2026-06-30,runpod,H200,community_cloud,2.045,2,community tier - not comparable to dedicated
2026-06-30,runpod,B200,secure_cloud,5.89,1,datacenter-grade tier
2026-06-30,runpod,B200,community_cloud,5.98,1,community tier - not comparable to dedicated
2026-06-30,runpod,A100,secure_cloud,1.44,3,datacenter-grade tier
2026-06-30,runpod,A100,community_cloud,1.19,3,community tier - not comparable to dedicated
2026-07-01,vast.ai,H100,marketplace_on_demand,2.1743,43,median across verified rentable offers
2026-07-01,vast.ai,H200,marketplace_on_demand,4.0795,23,median across verified rentable offers
2026-07-01,vast.ai,B200,marketplace_on_demand,5.1887,11,median across verified rentable offers
2026-07-01,vast.ai,A100,marketplace_on_demand,0.655,30,median across verified rentable offers
2026-07-01,runpod,H100,secure_cloud,3.19,3,datacenter-grade tier
2026-07-01,runpod,H100,community_cloud,2.59,3,community tier - not comparable to dedicated
2026-07-01,runpod,H200,secure_cloud,4.09,2,datacenter-grade tier
2026-07-01,runpod,H200,community_cloud,2.045,2,community tier - not comparable to dedicated
2026-07-01,runpod,B200,secure_cloud,5.89,1,datacenter-grade tier
2026-07-01,runpod,B200,community_cloud,5.98,1,community tier - not comparable to dedicated
2026-07-01,runpod,A100,secure_cloud,1.44,3,datacenter-grade tier
2026-07-01,runpod,A100,community_cloud,1.19,3,community tier - not comparable to dedicated
2026-07-02,vast.ai,H100,marketplace_on_demand,2.1074,30,median across verified rentable offers
2026-07-02,vast.ai,H200,marketplace_on_demand,4.2019,24,median across verified rentable offers
2026-07-02,vast.ai,B200,marketplace_on_demand,5.5003,9,median across verified rentable offers
2026-07-02,vast.ai,A100,marketplace_on_demand,0.6874,18,median across verified rentable offers
2026-07-02,runpod,H100,secure_cloud,3.19,3,datacenter-grade tier
2026-07-02,runpod,H100,community_cloud,2.59,3,community tier - not comparable to dedicated
2026-07-02,runpod,H200,secure_cloud,4.09,2,datacenter-grade tier
2026-07-02,runpod,H200,community_cloud,2.045,2,community tier - not comparable to dedicated
2026-07-02,runpod,B200,secure_cloud,5.89,1,datacenter-grade tier
2026-07-02,runpod,B200,community_cloud,5.98,1,community tier - not comparable to dedicated
2026-07-02,runpod,A100,secure_cloud,1.44,3,datacenter-grade tier
2026-07-02,runpod,A100,community_cloud,1.19,3,community tier - not comparable to dedicated
2026-07-03,vast.ai,H100,marketplace_on_demand,2.0093,27,median across verified rentable offers
2026-07-03,vast.ai,H200,marketplace_on_demand,4.1043,28,median across verified rentable offers
2026-07-03,vast.ai,B200,marketplace_on_demand,4.9774,9,median across verified rentable offers
2026-07-03,vast.ai,A100,marketplace_on_demand,0.6158,30,median across verified rentable offers
2026-07-03,runpod,H100,secure_cloud,3.19,3,datacenter-grade tier
2026-07-03,runpod,H100,community_cloud,2.59,3,community tier - not comparable to dedicated
2026-07-03,runpod,H200,secure_cloud,4.09,2,datacenter-grade tier
2026-07-03,runpod,H200,community_cloud,2.045,2,community tier - not comparable to dedicated
2026-07-03,runpod,B200,secure_cloud,5.89,1,datacenter-grade tier
2026-07-03,runpod,B200,community_cloud,5.98,1,community tier - not comparable to dedicated
2026-07-03,runpod,A100,secure_cloud,1.44,3,datacenter-grade tier
2026-07-03,runpod,A100,community_cloud,1.19,3,community tier - not comparable to dedicated
2026-07-04,vast.ai,H100,marketplace_on_demand,2.135,32,median across verified rentable offers
2026-07-04,vast.ai,H200,marketplace_on_demand,4.0811,29,median across verified rentable offers
2026-07-04,vast.ai,B200,marketplace_on_demand,5.1899,13,median across verified rentable offers
2026-07-04,vast.ai,A100,marketplace_on_demand,0.6144,33,median across verified rentable offers
2026-07-04,runpod,H100,secure_cloud,3.19,3,datacenter-grade tier
2026-07-04,runpod,H100,community_cloud,2.59,3,community tier - not comparable to dedicated
2026-07-04,runpod,H200,secure_cloud,4.09,2,datacenter-grade tier
2026-07-04,runpod,H200,community_cloud,2.045,2,community tier - not comparable to dedicated
2026-07-04,runpod,B200,secure_cloud,5.89,1,datacenter-grade tier
2026-07-04,runpod,B200,community_cloud,5.98,1,community tier - not comparable to dedicated
2026-07-04,runpod,A100,secure_cloud,1.44,3,datacenter-grade tier
2026-07-04,runpod,A100,community_cloud,1.19,3,community tier - not comparable to dedicated
2026-07-05,vast.ai,H100,marketplace_on_demand,2.0102,37,median across verified rentable offers
2026-07-05,vast.ai,H200,marketplace_on_demand,4.0537,33,median across verified rentable offers
2026-07-05,vast.ai,B200,marketplace_on_demand,4.989,12,median across verified rentable offers
2026-07-05,vast.ai,A100,marketplace_on_demand,0.5896,29,median across verified rentable offers
2026-07-05,runpod,H100,secure_cloud,3.19,3,datacenter-grade tier
2026-07-05,runpod,H100,community_cloud,2.59,3,community tier - not comparable to dedicated
2026-07-05,runpod,H200,secure_cloud,4.09,2,datacenter-grade tier
2026-07-05,runpod,H200,community_cloud,2.045,2,community tier - not comparable to dedicated
2026-07-05,runpod,B200,secure_cloud,5.89,1,datacenter-grade tier
2026-07-05,runpod,B200,community_cloud,5.98,1,community tier - not comparable to dedicated
2026-07-05,runpod,A100,secure_cloud,1.44,3,datacenter-grade tier
2026-07-05,runpod,A100,community_cloud,1.19,3,community tier - not comparable to dedicated
2026-07-06,vast.ai,H100,marketplace_on_demand,2.1348,31,median across verified rentable offers
2026-07-06,vast.ai,H200,marketplace_on_demand,3.6748,21,median across verified rentable offers
2026-07-06,vast.ai,B200,marketplace_on_demand,5.0016,8,median across verified rentable offers
2026-07-06,vast.ai,A100,marketplace_on_demand,0.7355,27,median across verified rentable offers
2026-07-06,runpod,H100,secure_cloud,3.19,3,datacenter-grade tier
2026-07-06,runpod,H100,community_cloud,2.59,3,community tier - not comparable to dedicated
2026-07-06,runpod,H200,secure_cloud,4.09,2,datacenter-grade tier
2026-07-06,runpod,H200,community_cloud,2.045,2,community tier - not comparable to dedicated
2026-07-06,runpod,B200,secure_cloud,5.89,1,datacenter-grade tier
2026-07-06,runpod,B200,community_cloud,5.98,1,community tier - not comparable to dedicated
2026-07-06,runpod,A100,secure_cloud,1.44,3,datacenter-grade tier
2026-07-06,runpod,A100,community_cloud,1.19,3,community tier - not comparable to dedicated
2026-07-07,vast.ai,H100,marketplace_on_demand,2.2015,29,median across verified rentable offers
2026-07-07,vast.ai,H200,marketplace_on_demand,3.5285,23,median across verified rentable offers
2026-07-07,vast.ai,A100,marketplace_on_demand,0.7355,28,median across verified rentable offers
2026-07-07,runpod,H100,secure_cloud,3.19,3,datacenter-grade tier
2026-07-07,runpod,H100,community_cloud,2.59,3,community tier - not comparable to dedicated
2026-07-07,runpod,H200,secure_cloud,4.09,2,datacenter-grade tier
2026-07-07,runpod,H200,community_cloud,2.045,2,community tier - not comparable to dedicated
2026-07-07,runpod,B200,secure_cloud,5.89,1,datacenter-grade tier
2026-07-07,runpod,B200,community_cloud,5.98,1,community tier - not comparable to dedicated
2026-07-07,runpod,A100,secure_cloud,1.44,3,datacenter-grade tier
2026-07-07,runpod,A100,community_cloud,1.19,3,community tier - not comparable to dedicated
2026-07-08,vast.ai,H100,marketplace_on_demand,2.2022,37,median across verified rentable offers
2026-07-08,vast.ai,H200,marketplace_on_demand,3.6831,22,median across verified rentable offers
2026-07-08,vast.ai,A100,marketplace_on_demand,0.7339,37,median across verified rentable offers
2026-07-08,runpod,H100,secure_cloud,2.99,3,datacenter-grade tier
2026-07-08,runpod,H100,community_cloud,2.59,3,community tier - not comparable to dedicated
2026-07-08,runpod,H200,secure_cloud,4.09,2,datacenter-grade tier
2026-07-08,runpod,H200,community_cloud,2.045,2,community tier - not comparable to dedicated
2026-07-08,runpod,B200,secure_cloud,5.89,1,datacenter-grade tier
2026-07-08,runpod,B200,community_cloud,5.98,1,community tier - not comparable to dedicated
2026-07-08,runpod,A100,secure_cloud,1.44,3,datacenter-grade tier
2026-07-08,runpod,A100,community_cloud,1.19,3,community tier - not comparable to dedicated
2026-07-09,vast.ai,H100,marketplace_on_demand,2.204,32,median across verified rentable offers
2026-07-09,vast.ai,H200,marketplace_on_demand,3.6414,16,median across verified rentable offers
2026-07-09,vast.ai,B200,marketplace_on_demand,8.1347,1,median across verified rentable offers
2026-07-09,vast.ai,A100,marketplace_on_demand,0.7079,33,median across verified rentable offers
2026-07-09,runpod,H100,secure_cloud,2.99,3,datacenter-grade tier
2026-07-09,runpod,H100,community_cloud,2.59,3,community tier - not comparable to dedicated
2026-07-09,runpod,H200,secure_cloud,4.09,2,datacenter-grade tier
2026-07-09,runpod,H200,community_cloud,2.045,2,community tier - not comparable to dedicated
2026-07-09,runpod,B200,secure_cloud,5.89,1,datacenter-grade tier
2026-07-09,runpod,B200,community_cloud,5.98,1,community tier - not comparable to dedicated
2026-07-09,runpod,A100,secure_cloud,1.44,3,datacenter-grade tier
2026-07-09,runpod,A100,community_cloud,1.19,3,community tier - not comparable to dedicated
2026-07-10,vast.ai,H100,marketplace_on_demand,2.1363,37,median across verified rentable offers
2026-07-10,vast.ai,H200,marketplace_on_demand,4.2111,22,median across verified rentable offers
2026-07-10,vast.ai,B200,marketplace_on_demand,6.2521,3,median across verified rentable offers
2026-07-10,vast.ai,A100,marketplace_on_demand,0.7355,25,median across verified rentable offers
2026-07-10,runpod,H100,secure_cloud,2.99,3,datacenter-grade tier
2026-07-10,runpod,H100,community_cloud,2.59,3,community tier - not comparable to dedicated
2026-07-10,runpod,H200,secure_cloud,4.09,2,datacenter-grade tier
2026-07-10,runpod,H200,community_cloud,2.045,2,community tier - not comparable to dedicated
2026-07-10,runpod,B200,secure_cloud,5.89,1,datacenter-grade tier
2026-07-10,runpod,B200,community_cloud,5.98,1,community tier - not comparable to dedicated
2026-07-10,runpod,A100,secure_cloud,1.44,3,datacenter-grade tier
2026-07-10,runpod,A100,community_cloud,1.19,3,community tier - not comparable to dedicated
2026-07-11,vast.ai,H100,marketplace_on_demand,2.2007,39,median across verified rentable offers
2026-07-11,vast.ai,H200,marketplace_on_demand,3.7037,23,median across verified rentable offers
2026-07-11,vast.ai,B200,marketplace_on_demand,7.7837,6,median across verified rentable offers
2026-07-11,vast.ai,A100,marketplace_on_demand,0.7356,25,median across verified rentable offers
2026-07-11,runpod,H100,secure_cloud,2.99,3,datacenter-grade tier
2026-07-11,runpod,H100,community_cloud,2.59,3,community tier - not comparable to dedicated
2026-07-11,runpod,H200,secure_cloud,4.09,2,datacenter-grade tier
2026-07-11,runpod,H200,community_cloud,2.045,2,community tier - not comparable to dedicated
2026-07-11,runpod,B200,secure_cloud,5.89,1,datacenter-grade tier
2026-07-11,runpod,B200,community_cloud,5.98,1,community tier - not comparable to dedicated
2026-07-11,runpod,A100,secure_cloud,1.44,3,datacenter-grade tier
2026-07-11,runpod,A100,community_cloud,1.19,3,community tier - not comparable to dedicated
2026-07-12,vast.ai,H100,marketplace_on_demand,2.4989,36,median across verified rentable offers
2026-07-12,vast.ai,H200,marketplace_on_demand,3.5279,26,median across verified rentable offers
2026-07-12,vast.ai,B200,marketplace_on_demand,7.818,8,median across verified rentable offers
2026-07-12,vast.ai,A100,marketplace_on_demand,0.7191,27,median across verified rentable offers
2026-07-12,runpod,H100,secure_cloud,2.99,3,datacenter-grade tier
2026-07-12,runpod,H100,community_cloud,2.59,3,community tier - not comparable to dedicated
2026-07-12,runpod,H200,secure_cloud,4.09,2,datacenter-grade tier
2026-07-12,runpod,H200,community_cloud,2.045,2,community tier - not comparable to dedicated
2026-07-12,runpod,B200,secure_cloud,5.89,1,datacenter-grade tier
2026-07-12,runpod,B200,community_cloud,5.98,1,community tier - not comparable to dedicated
2026-07-12,runpod,A100,secure_cloud,1.44,3,datacenter-grade tier
2026-07-12,runpod,A100,community_cloud,1.19,3,community tier - not comparable to dedicated
2026-07-13,vast.ai,H100,marketplace_on_demand,2.0516,35,median across verified rentable offers
2026-07-13,vast.ai,H200,marketplace_on_demand,3.7511,22,median across verified rentable offers
2026-07-13,vast.ai,B200,marketplace_on_demand,8.1286,4,median across verified rentable offers
2026-07-13,vast.ai,A100,marketplace_on_demand,0.586,20,median across verified rentable offers
2026-07-13,runpod,H100,secure_cloud,2.99,3,datacenter-grade tier
2026-07-13,runpod,H100,community_cloud,2.59,3,community tier - not comparable to dedicated
2026-07-13,runpod,H200,secure_cloud,4.09,2,datacenter-grade tier
2026-07-13,runpod,H200,community_cloud,2.045,2,community tier - not comparable to dedicated
2026-07-13,runpod,B200,secure_cloud,5.89,1,datacenter-grade tier
2026-07-13,runpod,B200,community_cloud,5.98,1,community tier - not comparable to dedicated
2026-07-13,runpod,A100,secure_cloud,1.44,3,datacenter-grade tier
2026-07-13,runpod,A100,community_cloud,1.19,3,community tier - not comparable to dedicated
2026-07-14,vast.ai,H100,marketplace_on_demand,1.935,22,median across verified rentable offers
2026-07-14,vast.ai,H200,marketplace_on_demand,3.7507,11,median across verified rentable offers
2026-07-14,vast.ai,B200,marketplace_on_demand,7.7929,6,median across verified rentable offers
2026-07-14,vast.ai,A100,marketplace_on_demand,0.6408,16,median across verified rentable offers
2026-07-14,runpod,H100,secure_cloud,2.99,3,datacenter-grade tier
2026-07-14,runpod,H100,community_cloud,2.59,3,community tier - not comparable to dedicated
2026-07-14,runpod,H200,secure_cloud,4.09,2,datacenter-grade tier
2026-07-14,runpod,H200,community_cloud,2.045,2,community tier - not comparable to dedicated
2026-07-14,runpod,B200,secure_cloud,5.89,1,datacenter-grade tier
2026-07-14,runpod,B200,community_cloud,5.98,1,community tier - not comparable to dedicated
2026-07-14,runpod,A100,secure_cloud,1.44,3,datacenter-grade tier
2026-07-14,runpod,A100,community_cloud,1.19,3,community tier - not comparable to dedicated
2026-07-15,vast.ai,H100,marketplace_on_demand,2.0033,30,median across verified rentable offers
2026-07-15,vast.ai,H200,marketplace_on_demand,4.0795,19,median across verified rentable offers
2026-07-15,vast.ai,B200,marketplace_on_demand,6.8771,7,median across verified rentable offers
2026-07-15,vast.ai,A100,marketplace_on_demand,0.6076,31,median across verified rentable offers
2026-07-15,runpod,H100,secure_cloud,2.99,3,datacenter-grade tier
2026-07-15,runpod,H100,community_cloud,2.59,3,community tier - not comparable to dedicated
2026-07-15,runpod,H200,secure_cloud,4.09,2,datacenter-grade tier
2026-07-15,runpod,H200,community_cloud,2.045,2,community tier - not comparable to dedicated
2026-07-15,runpod,B200,secure_cloud,5.89,1,datacenter-grade tier
2026-07-15,runpod,B200,community_cloud,5.98,1,community tier - not comparable to dedicated
2026-07-15,runpod,A100,secure_cloud,1.44,3,datacenter-grade tier
2026-07-15,runpod,A100,community_cloud,1.19,3,community tier - not comparable to dedicated
2026-07-16,vast.ai,H100,marketplace_on_demand,2.1013,26,median across verified rentable offers
2026-07-16,vast.ai,H200,marketplace_on_demand,3.7829,18,median across verified rentable offers
2026-07-16,vast.ai,B200,marketplace_on_demand,7.4388,12,median across verified rentable offers
2026-07-16,vast.ai,A100,marketplace_on_demand,0.7071,29,median across verified rentable offers
2026-07-16,runpod,H100,secure_cloud,2.99,3,datacenter-grade tier
2026-07-16,runpod,H100,community_cloud,2.59,3,community tier - not comparable to dedicated
2026-07-16,runpod,H200,secure_cloud,4.09,2,datacenter-grade tier
2026-07-16,runpod,H200,community_cloud,2.045,2,community tier - not comparable to dedicated
2026-07-16,runpod,B200,secure_cloud,5.89,1,datacenter-grade tier
2026-07-16,runpod,B200,community_cloud,5.98,1,community tier - not comparable to dedicated
2026-07-16,runpod,A100,secure_cloud,1.44,3,datacenter-grade tier
2026-07-16,runpod,A100,community_cloud,1.19,3,community tier - not comparable to dedicated
2026-07-17,vast.ai,H100,marketplace_on_demand,2.1344,33,median across verified rentable offers
2026-07-17,vast.ai,H200,marketplace_on_demand,3.8648,20,median across verified rentable offers
2026-07-17,vast.ai,B200,marketplace_on_demand,7.1268,12,median across verified rentable offers
2026-07-17,vast.ai,A100,marketplace_on_demand,0.6502,35,median across verified rentable offers
2026-07-17,runpod,H100,secure_cloud,2.99,3,datacenter-grade tier
2026-07-17,runpod,H100,community_cloud,2.59,3,community tier - not comparable to dedicated
2026-07-17,runpod,H200,secure_cloud,4.09,2,datacenter-grade tier
2026-07-17,runpod,H200,community_cloud,2.045,2,community tier - not comparable to dedicated
2026-07-17,runpod,B200,secure_cloud,5.89,1,datacenter-grade tier
2026-07-17,runpod,B200,community_cloud,5.98,1,community tier - not comparable to dedicated
2026-07-17,runpod,A100,secure_cloud,1.44,3,datacenter-grade tier
2026-07-17,runpod,A100,community_cloud,1.19,3,community tier - not comparable to dedicated
2026-07-18,vast.ai,H100,marketplace_on_demand,2.2396,36,median across verified rentable offers
2026-07-18,vast.ai,H200,marketplace_on_demand,3.9617,24,median across verified rentable offers
2026-07-18,vast.ai,B200,marketplace_on_demand,7.6268,10,median across verified rentable offers
2026-07-18,vast.ai,A100,marketplace_on_demand,0.8411,35,median across verified rentable offers
2026-07-18,runpod,H100,secure_cloud,2.99,3,datacenter-grade tier
2026-07-18,runpod,H100,community_cloud,2.59,3,community tier - not comparable to dedicated
2026-07-18,runpod,H200,secure_cloud,4.09,2,datacenter-grade tier
2026-07-18,runpod,H200,community_cloud,2.045,2,community tier - not comparable to dedicated
2026-07-18,runpod,B200,secure_cloud,5.89,1,datacenter-grade tier
2026-07-18,runpod,B200,community_cloud,5.98,1,community tier - not comparable to dedicated
2026-07-18,runpod,A100,secure_cloud,1.44,3,datacenter-grade tier
2026-07-18,runpod,A100,community_cloud,1.19,3,community tier - not comparable to dedicated
2026-07-19,vast.ai,H100,marketplace_on_demand,2.2007,27,median across verified rentable offers
2026-07-19,vast.ai,H200,marketplace_on_demand,4.2109,18,median across verified rentable offers
2026-07-19,vast.ai,B200,marketplace_on_demand,7.1268,16,median across verified rentable offers
2026-07-19,vast.ai,A100,marketplace_on_demand,0.8546,32,median across verified rentable offers
2026-07-19,runpod,H100,secure_cloud,2.99,3,datacenter-grade tier
2026-07-19,runpod,H100,community_cloud,2.59,3,community tier - not comparable to dedicated
2026-07-19,runpod,H200,secure_cloud,4.09,2,datacenter-grade tier
2026-07-19,runpod,H200,community_cloud,2.045,2,community tier - not comparable to dedicated
2026-07-19,runpod,B200,secure_cloud,5.89,1,datacenter-grade tier
2026-07-19,runpod,B200,community_cloud,5.98,1,community tier - not comparable to dedicated
2026-07-19,runpod,A100,secure_cloud,1.44,3,datacenter-grade tier
2026-07-19,runpod,A100,community_cloud,1.19,3,community tier - not comparable to dedicated
2026-07-20,vast.ai,H100,marketplace_on_demand,2.0937,10,median across verified rentable offers
2026-07-20,vast.ai,H200,marketplace_on_demand,4.0736,12,median across verified rentable offers
2026-07-20,vast.ai,B200,marketplace_on_demand,7.2549,10,median across verified rentable offers
2026-07-20,vast.ai,A100,marketplace_on_demand,0.6419,10,median across verified rentable offers
2026-07-20,runpod,H100,secure_cloud,2.99,3,datacenter-grade tier
2026-07-20,runpod,H100,community_cloud,2.59,3,community tier - not comparable to dedicated
2026-07-20,runpod,H200,secure_cloud,4.09,2,datacenter-grade tier
2026-07-20,runpod,H200,community_cloud,2.045,2,community tier - not comparable to dedicated
2026-07-20,runpod,B200,secure_cloud,5.89,1,datacenter-grade tier
2026-07-20,runpod,B200,community_cloud,5.98,1,community tier - not comparable to dedicated
2026-07-20,runpod,A100,secure_cloud,1.44,3,datacenter-grade tier
2026-07-20,runpod,A100,community_cloud,1.19,3,community tier - not comparable to dedicated
2026-07-21,vast.ai,H100,marketplace_on_demand,2.3559,22,median across verified rentable offers
2026-07-21,vast.ai,H200,marketplace_on_demand,4.2111,13,median across verified rentable offers
2026-07-21,vast.ai,B200,marketplace_on_demand,7.4138,10,median across verified rentable offers
2026-07-21,vast.ai,A100,marketplace_on_demand,0.8281,27,median across verified rentable offers
2026-07-21,runpod,H100,secure_cloud,2.99,3,datacenter-grade tier
2026-07-21,runpod,H100,community_cloud,2.59,3,community tier - not comparable to dedicated
2026-07-21,runpod,H200,secure_cloud,4.09,2,datacenter-grade tier
2026-07-21,runpod,H200,community_cloud,2.045,2,community tier - not comparable to dedicated
2026-07-21,runpod,B200,secure_cloud,5.89,1,datacenter-grade tier
2026-07-21,runpod,B200,community_cloud,5.98,1,community tier - not comparable to dedicated
2026-07-21,runpod,A100,secure_cloud,1.44,3,datacenter-grade tier
2026-07-21,runpod,A100,community_cloud,1.19,3,community tier - not comparable to dedicated
2026-07-22,vast.ai,H100,marketplace_on_demand,2.4022,21,median across verified rentable offers
2026-07-22,vast.ai,H200,marketplace_on_demand,4.0795,23,median across verified rentable offers
2026-07-22,vast.ai,B200,marketplace_on_demand,7.1274,15,median across verified rentable offers
2026-07-22,vast.ai,A100,marketplace_on_demand,0.8457,24,median across verified rentable offers
2026-07-22,runpod,H100,secure_cloud,2.99,3,datacenter-grade tier
2026-07-22,runpod,H100,community_cloud,2.59,3,community tier - not comparable to dedicated
2026-07-22,runpod,H200,secure_cloud,4.09,2,datacenter-grade tier
2026-07-22,runpod,H200,community_cloud,2.045,2,community tier - not comparable to dedicated
2026-07-22,runpod,B200,secure_cloud,5.89,1,datacenter-grade tier
2026-07-22,runpod,B200,community_cloud,5.98,1,community tier - not comparable to dedicated
2026-07-22,runpod,A100,secure_cloud,1.44,3,datacenter-grade tier
2026-07-22,runpod,A100,community_cloud,1.19,3,community tier - not comparable to dedicated
2026-07-23,vast.ai,H100,marketplace_on_demand,3.0053,13,median across verified rentable offers
2026-07-23,vast.ai,H200,marketplace_on_demand,4.08,19,median across verified rentable offers
2026-07-23,vast.ai,B200,marketplace_on_demand,7.7505,5,median across verified rentable offers
2026-07-23,vast.ai,A100,marketplace_on_demand,0.867,25,median across verified rentable offers
2026-07-23,runpod,H100,secure_cloud,2.99,3,datacenter-grade tier
2026-07-23,runpod,H100,community_cloud,2.59,3,community tier - not comparable to dedicated
2026-07-23,runpod,H200,secure_cloud,4.09,2,datacenter-grade tier
2026-07-23,runpod,H200,community_cloud,2.045,2,community tier - not comparable to dedicated
2026-07-23,runpod,B200,secure_cloud,5.89,1,datacenter-grade tier
2026-07-23,runpod,B200,community_cloud,5.98,1,community tier - not comparable to dedicated
2026-07-23,runpod,A100,secure_cloud,1.44,3,datacenter-grade tier
2026-07-23,runpod,A100,community_cloud,1.19,3,community tier - not comparable to dedicated
2026-07-24,vast.ai,H100,marketplace_on_demand,2.5222,19,median across verified rentable offers
2026-07-24,vast.ai,H200,marketplace_on_demand,3.9622,21,median across verified rentable offers
2026-07-24,vast.ai,B200,marketplace_on_demand,7.1262,7,median across verified rentable offers
2026-07-24,vast.ai,A100,marketplace_on_demand,0.7344,25,median across verified rentable offers
2026-07-24,runpod,H100,secure_cloud,2.99,3,datacenter-grade tier
2026-07-24,runpod,H100,community_cloud,2.59,3,community tier - not comparable to dedicated
2026-07-24,runpod,H200,secure_cloud,4.09,2,datacenter-grade tier
2026-07-24,runpod,H200,community_cloud,2.045,2,community tier - not comparable to dedicated
2026-07-24,runpod,B200,secure_cloud,5.89,1,datacenter-grade tier
2026-07-24,runpod,B200,community_cloud,5.98,1,community tier - not comparable to dedicated
2026-07-24,runpod,A100,secure_cloud,1.44,3,datacenter-grade tier
2026-07-24,runpod,A100,community_cloud,1.19,3,community tier - not comparable to dedicated
2026-07-25,vast.ai,H100,marketplace_on_demand,2.3032,38,median across verified rentable offers
2026-07-25,vast.ai,H200,marketplace_on_demand,4.0806,18,median across verified rentable offers
2026-07-25,vast.ai,B200,marketplace_on_demand,6.2516,22,median across verified rentable offers
2026-07-25,vast.ai,A100,marketplace_on_demand,0.9313,22,median across verified rentable offers
2026-07-25,runpod,H100,secure_cloud,2.99,3,datacenter-grade tier
2026-07-25,runpod,H100,community_cloud,2.59,3,community tier - not comparable to dedicated
2026-07-25,runpod,H200,secure_cloud,4.09,2,datacenter-grade tier
2026-07-25,runpod,H200,community_cloud,2.045,2,community tier - not comparable to dedicated
2026-07-25,runpod,B200,secure_cloud,5.89,1,datacenter-grade tier
2026-07-25,runpod,B200,community_cloud,5.98,1,community tier - not comparable to dedicated
2026-07-25,runpod,A100,secure_cloud,1.44,3,datacenter-grade tier
2026-07-25,runpod,A100,community_cloud,1.19,3,community tier - not comparable to dedicated
2026-07-26,vast.ai,H100,marketplace_on_demand,2.7352,30,median across verified rentable offers
2026-07-26,vast.ai,H200,marketplace_on_demand,3.9357,17,median across verified rentable offers
2026-07-26,vast.ai,B200,marketplace_on_demand,6.251,22,median across verified rentable offers
2026-07-26,vast.ai,A100,marketplace_on_demand,0.995,32,median across verified rentable offers
2026-07-26,runpod,H100,secure_cloud,2.99,3,datacenter-grade tier
2026-07-26,runpod,H100,community_cloud,2.59,3,community tier - not comparable to dedicated
2026-07-26,runpod,H200,secure_cloud,4.09,2,datacenter-grade tier
2026-07-26,runpod,H200,community_cloud,2.045,2,community tier - not comparable to dedicated
2026-07-26,runpod,B200,secure_cloud,5.89,1,datacenter-grade tier
2026-07-26,runpod,B200,community_cloud,5.98,1,community tier - not comparable to dedicated
2026-07-26,runpod,A100,secure_cloud,1.44,3,datacenter-grade tier
2026-07-26,runpod,A100,community_cloud,1.19,3,community tier - not comparable to dedicated
2026-07-27,vast.ai,H100,marketplace_on_demand,3.004,16,median across verified rentable offers
2026-07-27,vast.ai,H200,marketplace_on_demand,4.5,8,median across verified rentable offers
2026-07-27,vast.ai,B200,marketplace_on_demand,6.2509,20,median across verified rentable offers
2026-07-27,vast.ai,A100,marketplace_on_demand,0.7816,20,median across verified rentable offers
2026-07-27,runpod,H100,secure_cloud,2.99,3,datacenter-grade tier
2026-07-27,runpod,H100,community_cloud,2.59,3,community tier - not comparable to dedicated
2026-07-27,runpod,H200,secure_cloud,4.09,2,datacenter-grade tier
2026-07-27,runpod,H200,community_cloud,2.045,2,community tier - not comparable to dedicated
2026-07-27,runpod,B200,secure_cloud,5.89,1,datacenter-grade tier
2026-07-27,runpod,B200,community_cloud,5.98,1,community tier - not comparable to dedicated
2026-07-27,runpod,A100,secure_cloud,1.44,3,datacenter-grade tier
2026-07-27,runpod,A100,community_cloud,1.19,3,community tier - not comparable to dedicated
2026-07-28,vast.ai,H100,marketplace_on_demand,2.2681,19,median across verified rentable offers
2026-07-28,vast.ai,H200,marketplace_on_demand,4.08,19,median across verified rentable offers
2026-07-28,vast.ai,A100,marketplace_on_demand,0.8417,23,median across verified rentable offers
2026-07-28,runpod,H100,secure_cloud,2.99,3,datacenter-grade tier
2026-07-28,runpod,H100,community_cloud,2.59,3,community tier - not comparable to dedicated
2026-07-28,runpod,H200,secure_cloud,4.09,2,datacenter-grade tier
2026-07-28,runpod,H200,community_cloud,2.045,2,community tier - not comparable to dedicated
2026-07-28,runpod,B200,secure_cloud,5.89,1,datacenter-grade tier
2026-07-28,runpod,B200,community_cloud,5.98,1,community tier - not comparable to dedicated
2026-07-28,runpod,A100,secure_cloud,1.44,3,datacenter-grade tier
2026-07-28,runpod,A100,community_cloud,1.19,3,community tier - not comparable to dedicated
2026-07-29,vast.ai,H100,marketplace_on_demand,2.3979,28,median across verified rentable offers
2026-07-29,vast.ai,H200,marketplace_on_demand,4.0811,11,median across verified rentable offers
2026-07-29,vast.ai,B200,marketplace_on_demand,5.9382,16,median across verified rentable offers
2026-07-29,vast.ai,A100,marketplace_on_demand,0.9309,26,median across verified rentable offers
2026-07-29,runpod,H100,secure_cloud,2.99,3,datacenter-grade tier
2026-07-29,runpod,H100,community_cloud,2.59,3,community tier - not comparable to dedicated
2026-07-29,runpod,H200,secure_cloud,4.09,2,datacenter-grade tier
2026-07-29,runpod,H200,community_cloud,2.045,2,community tier - not comparable to dedicated
2026-07-29,runpod,B200,secure_cloud,5.89,1,datacenter-grade tier
2026-07-29,runpod,B200,community_cloud,5.98,1,community tier - not comparable to dedicated
2026-07-29,runpod,A100,secure_cloud,1.44,3,datacenter-grade tier
2026-07-29,runpod,A100,community_cloud,1.19,3,community tier - not comparable to dedicated
2026-07-30,vast.ai,H100,marketplace_on_demand,2.8681,12,median across verified rentable offers
2026-07-30,vast.ai,H200,marketplace_on_demand,4.0811,14,median across verified rentable offers
2026-07-30,vast.ai,B200,marketplace_on_demand,6.6901,18,median across verified rentable offers
2026-07-30,vast.ai,A100,marketplace_on_demand,0.8733,15,median across verified rentable offers
2026-07-30,runpod,H100,secure_cloud,2.99,3,datacenter-grade tier
2026-07-30,runpod,H100,community_cloud,2.59,3,community tier - not comparable to dedicated
2026-07-30,runpod,H200,secure_cloud,4.09,2,datacenter-grade tier
2026-07-30,runpod,H200,community_cloud,2.045,2,community tier - not comparable to dedicated
2026-07-30,runpod,B200,secure_cloud,5.89,1,datacenter-grade tier
2026-07-30,runpod,B200,community_cloud,5.98,1,community tier - not comparable to dedicated
2026-07-30,runpod,A100,secure_cloud,1.44,3,datacenter-grade tier
2026-07-30,runpod,A100,community_cloud,1.19,3,community tier - not comparable to dedicated
2026-07-31,vast.ai,H100,marketplace_on_demand,3.2017,28,median across verified rentable offers
2026-07-31,vast.ai,H200,marketplace_on_demand,3.5689,6,median across verified rentable offers
2026-07-31,vast.ai,B200,marketplace_on_demand,6.6888,11,median across verified rentable offers
2026-07-31,vast.ai,A100,marketplace_on_demand,0.8396,19,median across verified rentable offers
2026-07-31,runpod,H100,secure_cloud,2.99,3,datacenter-grade tier
2026-07-31,runpod,H100,community_cloud,2.59,3,community tier - not comparable to dedicated
2026-07-31,runpod,H200,secure_cloud,4.09,2,datacenter-grade tier
2026-07-31,runpod,H200,community_cloud,2.045,2,community tier - not comparable to dedicated
2026-07-31,runpod,B200,secure_cloud,5.89,1,datacenter-grade tier
2026-07-31,runpod,B200,community_cloud,5.98,1,community tier - not comparable to dedicated
2026-07-31,runpod,A100,secure_cloud,1.44,3,datacenter-grade tier
2026-07-31,runpod,A100,community_cloud,1.19,3,community tier - not comparable to dedicated
2026-08-01,vast.ai,H100,marketplace_on_demand,2.6678,39,median across verified rentable offers
2026-08-01,vast.ai,H200,marketplace_on_demand,4.0124,10,median across verified rentable offers
2026-08-01,vast.ai,B200,marketplace_on_demand,6.6901,25,median across verified rentable offers
2026-08-01,vast.ai,A100,marketplace_on_demand,0.8672,30,median across verified rentable offers
2026-08-01,runpod,H100,secure_cloud,2.99,3,datacenter-grade tier
2026-08-01,runpod,H100,community_cloud,2.59,3,community tier - not comparable to dedicated
2026-08-01,runpod,H200,secure_cloud,4.09,2,datacenter-grade tier
2026-08-01,runpod,H200,community_cloud,2.045,2,community tier - not comparable to dedicated
2026-08-01,runpod,B200,secure_cloud,5.89,1,datacenter-grade tier
2026-08-01,runpod,B200,community_cloud,5.98,1,community tier - not comparable to dedicated
2026-08-01,runpod,A100,secure_cloud,1.44,3,datacenter-grade tier
2026-08-01,runpod,A100,community_cloud,1.19,3,community tier - not comparable to dedicated
2026-08-02,vast.ai,H100,marketplace_on_demand,2.1356,43,median across verified rentable offers
2026-08-02,vast.ai,H200,marketplace_on_demand,3.9795,16,median across verified rentable offers
2026-08-02,vast.ai,B200,marketplace_on_demand,6.2513,23,median across verified rentable offers
2026-08-02,vast.ai,A100,marketplace_on_demand,0.8406,28,median across verified rentable offers
2026-08-02,runpod,H100,secure_cloud,2.99,3,datacenter-grade tier
2026-08-02,runpod,H100,community_cloud,2.59,3,community tier - not comparable to dedicated
2026-08-02,runpod,H200,secure_cloud,4.09,2,datacenter-grade tier
2026-08-02,runpod,H200,community_cloud,2.045,2,community tier - not comparable to dedicated
2026-08-02,runpod,B200,secure_cloud,5.89,1,datacenter-grade tier
2026-08-02,runpod,B200,community_cloud,5.98,1,community tier - not comparable to dedicated
2026-08-02,runpod,A100,secure_cloud,1.44,3,datacenter-grade tier
2026-08-02,runpod,A100,community_cloud,1.19,3,community tier - not comparable to dedicated
2026-08-03,vast.ai,H100,marketplace_on_demand,2.7356,28,median across verified rentable offers
2026-08-03,vast.ai,H200,marketplace_on_demand,4.1453,15,median across verified rentable offers
2026-08-03,vast.ai,B200,marketplace_on_demand,6.0946,24,median across verified rentable offers
2026-08-03,vast.ai,A100,marketplace_on_demand,0.9009,19,median across verified rentable offers
2026-08-03,runpod,H100,secure_cloud,2.99,3,datacenter-grade tier
2026-08-03,runpod,H100,community_cloud,2.59,3,community tier - not comparable to dedicated
2026-08-03,runpod,H200,secure_cloud,4.09,2,datacenter-grade tier
2026-08-03,runpod,H200,community_cloud,2.045,2,community tier - not comparable to dedicated
2026-08-03,runpod,B200,secure_cloud,5.89,1,datacenter-grade tier
2026-08-03,runpod,B200,community_cloud,5.98,1,community tier - not comparable to dedicated
2026-08-03,runpod,A100,secure_cloud,1.44,3,datacenter-grade tier
2026-08-03,runpod,A100,community_cloud,1.19,3,community tier - not comparable to dedicated
2026-08-04,vast.ai,H100,marketplace_on_demand,2.1493,22,median across verified rentable offers
2026-08-04,vast.ai,H200,marketplace_on_demand,4.1453,21,median across verified rentable offers
2026-08-04,vast.ai,B200,marketplace_on_demand,5.9385,32,median across verified rentable offers
2026-08-04,vast.ai,A100,marketplace_on_demand,0.8998,25,median across verified rentable offers
2026-08-04,runpod,H100,secure_cloud,2.99,3,datacenter-grade tier
2026-08-04,runpod,H100,community_cloud,2.59,3,community tier - not comparable to dedicated
2026-08-04,runpod,H200,secure_cloud,4.09,2,datacenter-grade tier
2026-08-04,runpod,H200,community_cloud,2.045,2,community tier - not comparable to dedicated
2026-08-04,runpod,B200,secure_cloud,5.89,1,datacenter-grade tier
2026-08-04,runpod,B200,community_cloud,5.98,1,community tier - not comparable to dedicated
2026-08-04,runpod,A100,secure_cloud,1.44,3,datacenter-grade tier
2026-08-04,runpod,A100,community_cloud,1.19,3,community tier - not comparable to dedicated
2026-08-05,vast.ai,H100,marketplace_on_demand,2.595,24,median across verified rentable offers
2026-08-05,vast.ai,H200,marketplace_on_demand,3.9479,11,median across verified rentable offers
2026-08-05,vast.ai,B200,marketplace_on_demand,5.8764,23,median across verified rentable offers
2026-08-05,vast.ai,A100,marketplace_on_demand,0.7792,27,median across verified rentable offers
2026-08-05,runpod,H100,secure_cloud,3.19,3,datacenter-grade tier
2026-08-05,runpod,H100,community_cloud,2.59,3,community tier - not comparable to dedicated
2026-08-05,runpod,H200,secure_cloud,4.19,2,datacenter-grade tier
2026-08-05,runpod,H200,community_cloud,2.045,2,community tier - not comparable to dedicated
2026-08-05,runpod,B200,secure_cloud,6.79,1,datacenter-grade tier
2026-08-05,runpod,B200,community_cloud,5.98,1,community tier - not comparable to dedicated
2026-08-05,runpod,A100,secure_cloud,1.49,3,datacenter-grade tier
2026-08-05,runpod,A100,community_cloud,1.19,3,community tier - not comparable to dedicated
2026-08-07,vast.ai,H100,marketplace_on_demand,2.2913,30,median across verified rentable offers
2026-08-07,vast.ai,H200,marketplace_on_demand,3.9756,17,median across verified rentable offers
2026-08-07,vast.ai,B200,marketplace_on_demand,5.6278,33,median across verified rentable offers
2026-08-07,vast.ai,A100,marketplace_on_demand,0.8678,24,median across verified rentable offers
2026-08-07,runpod,H100,secure_cloud,3.19,3,datacenter-grade tier
2026-08-07,runpod,H100,community_cloud,2.59,3,community tier - not comparable to dedicated
2026-08-07,runpod,H200,secure_cloud,4.19,2,datacenter-grade tier
2026-08-07,runpod,H200,community_cloud,2.045,2,community tier - not comparable to dedicated
2026-08-07,runpod,B200,secure_cloud,6.79,1,datacenter-grade tier
2026-08-07,runpod,B200,community_cloud,5.98,1,community tier - not comparable to dedicated
2026-08-07,runpod,A100,secure_cloud,1.49,3,datacenter-grade tier
2026-08-07,runpod,A100,community_cloud,1.19,3,community tier - not comparable to dedicated
2026-08-08,vast.ai,H100,marketplace_on_demand,2.5222,37,median across verified rentable offers
2026-08-08,vast.ai,H200,marketplace_on_demand,3.9811,30,median across verified rentable offers
2026-08-08,vast.ai,B200,marketplace_on_demand,5.6257,29,median across verified rentable offers
2026-08-08,vast.ai,A100,marketplace_on_demand,0.9344,22,median across verified rentable offers
2026-08-08,runpod,H100,secure_cloud,3.19,3,datacenter-grade tier
2026-08-08,runpod,H100,community_cloud,2.59,3,community tier - not comparable to dedicated
2026-08-08,runpod,H200,secure_cloud,4.19,2,datacenter-grade tier
2026-08-08,runpod,H200,community_cloud,2.045,2,community tier - not comparable to dedicated
2026-08-08,runpod,B200,secure_cloud,6.79,1,datacenter-grade tier
2026-08-08,runpod,B200,community_cloud,5.98,1,community tier - not comparable to dedicated
2026-08-08,runpod,A100,secure_cloud,1.49,3,datacenter-grade tier
2026-08-08,runpod,A100,community_cloud,1.19,3,community tier - not comparable to dedicated
2026-08-09,vast.ai,H100,marketplace_on_demand,2.5217,40,median across verified rentable offers
2026-08-09,vast.ai,H200,marketplace_on_demand,3.9479,32,median across verified rentable offers
2026-08-09,vast.ai,B200,marketplace_on_demand,5.6257,33,median across verified rentable offers
2026-08-09,vast.ai,A100,marketplace_on_demand,0.8672,26,median across verified rentable offers
2026-08-09,runpod,H100,secure_cloud,3.19,3,datacenter-grade tier
2026-08-09,runpod,H100,community_cloud,2.59,3,community tier - not comparable to dedicated
2026-08-09,runpod,H200,secure_cloud,4.19,2,datacenter-grade tier
2026-08-09,runpod,H200,community_cloud,2.045,2,community tier - not comparable to dedicated
2026-08-09,runpod,B200,secure_cloud,6.79,1,datacenter-grade tier
2026-08-09,runpod,B200,community_cloud,5.98,1,community tier - not comparable to dedicated
2026-08-09,runpod,A100,secure_cloud,1.49,3,datacenter-grade tier
2026-08-09,runpod,A100,community_cloud,1.19,3,community tier - not comparable to dedicated
2026-08-10,vast.ai,H100,marketplace_on_demand,2.2696,43,median across verified rentable offers
2026-08-10,vast.ai,H200,marketplace_on_demand,4.0688,22,median across verified rentable offers
2026-08-10,vast.ai,B200,marketplace_on_demand,5.6271,32,median across verified rentable offers
2026-08-10,vast.ai,A100,marketplace_on_demand,0.87,29,median across verified rentable offers
2026-08-10,runpod,H100,secure_cloud,3.19,3,datacenter-grade tier
2026-08-10,runpod,H100,community_cloud,2.59,3,community tier - not comparable to dedicated
2026-08-10,runpod,H200,secure_cloud,4.19,2,datacenter-grade tier
2026-08-10,runpod,H200,community_cloud,2.045,2,community tier - not comparable to dedicated
2026-08-10,runpod,B200,secure_cloud,6.79,1,datacenter-grade tier
2026-08-10,runpod,B200,community_cloud,5.98,1,community tier - not comparable to dedicated
2026-08-10,runpod,A100,secure_cloud,1.49,3,datacenter-grade tier
2026-08-10,runpod,A100,community_cloud,1.19,3,community tier - not comparable to dedicated
2026-08-11,vast.ai,H100,marketplace_on_demand,2.7617,30,median across verified rentable offers
2026-08-11,vast.ai,H200,marketplace_on_demand,4.022,22,median across verified rentable offers
2026-08-11,vast.ai,B200,marketplace_on_demand,6.1302,23,median across verified rentable offers
2026-08-11,vast.ai,A100,marketplace_on_demand,0.8274,21,median across verified rentable offers
2026-08-11,runpod,H100,secure_cloud,3.19,3,datacenter-grade tier
2026-08-11,runpod,H100,community_cloud,2.59,3,community tier - not comparable to dedicated
2026-08-11,runpod,H200,secure_cloud,4.19,2,datacenter-grade tier
2026-08-11,runpod,H200,community_cloud,2.045,2,community tier - not comparable to dedicated
2026-08-11,runpod,B200,secure_cloud,6.79,1,datacenter-grade tier
2026-08-11,runpod,B200,community_cloud,5.98,1,community tier - not comparable to dedicated
2026-08-11,runpod,A100,secure_cloud,1.49,3,datacenter-grade tier
2026-08-11,runpod,A100,community_cloud,1.19,3,community tier - not comparable to dedicated
2026-08-12,vast.ai,H100,marketplace_on_demand,2.2681,19,median across verified rentable offers
2026-08-12,vast.ai,H200,marketplace_on_demand,4.08,9,median across verified rentable offers
2026-08-12,vast.ai,B200,marketplace_on_demand,5.8771,20,median across verified rentable offers
2026-08-12,vast.ai,A100,marketplace_on_demand,0.9344,18,median across verified rentable offers
2026-08-12,runpod,H100,secure_cloud,3.19,3,datacenter-grade tier
2026-08-12,runpod,H100,community_cloud,2.59,3,community tier - not comparable to dedicated
2026-08-12,runpod,H200,secure_cloud,4.19,2,datacenter-grade tier
2026-08-12,runpod,H200,community_cloud,2.045,2,community tier - not comparable to dedicated
2026-08-12,runpod,B200,secure_cloud,6.79,1,datacenter-grade tier
2026-08-12,runpod,B200,community_cloud,5.98,1,community tier - not comparable to dedicated
2026-08-12,runpod,A100,secure_cloud,1.49,3,datacenter-grade tier
2026-08-12,runpod,A100,community_cloud,1.19,3,community tier - not comparable to dedicated
2026-08-14,vast.ai,H100,marketplace_on_demand,2.4292,33,median across verified rentable offers
2026-08-14,vast.ai,H200,marketplace_on_demand,4.0022,17,median across verified rentable offers
2026-08-14,vast.ai,B200,marketplace_on_demand,7.5026,15,median across verified rentable offers
2026-08-14,vast.ai,A100,marketplace_on_demand,1.0006,17,median across verified rentable offers
2026-08-14,runpod,H100,secure_cloud,3.19,3,datacenter-grade tier
2026-08-14,runpod,H100,community_cloud,2.59,3,community tier - not comparable to dedicated
2026-08-14,runpod,H200,secure_cloud,4.19,2,datacenter-grade tier
2026-08-14,runpod,H200,community_cloud,2.045,2,community tier - not comparable to dedicated
2026-08-14,runpod,B200,secure_cloud,6.79,1,datacenter-grade tier
2026-08-14,runpod,B200,community_cloud,5.98,1,community tier - not comparable to dedicated
2026-08-14,runpod,A100,secure_cloud,1.49,3,datacenter-grade tier
2026-08-14,runpod,A100,community_cloud,1.19,3,community tier - not comparable to dedicated
2026-08-15,vast.ai,H100,marketplace_on_demand,2.6316,34,median across verified rentable offers
2026-08-15,vast.ai,H200,marketplace_on_demand,3.9349,13,median across verified rentable offers
2026-08-15,vast.ai,B200,marketplace_on_demand,6.8763,27,median across verified rentable offers
2026-08-15,vast.ai,A100,marketplace_on_demand,0.867,23,median across verified rentable offers
2026-08-15,runpod,H100,secure_cloud,3.19,3,datacenter-grade tier
2026-08-15,runpod,H100,community_cloud,2.59,3,community tier - not comparable to dedicated
2026-08-15,runpod,H200,secure_cloud,4.19,2,datacenter-grade tier
2026-08-15,runpod,H200,community_cloud,2.045,2,community tier - not comparable to dedicated
2026-08-15,runpod,B200,secure_cloud,6.79,1,datacenter-grade tier
2026-08-15,runpod,B200,community_cloud,5.98,1,community tier - not comparable to dedicated
2026-08-15,runpod,A100,secure_cloud,1.49,3,datacenter-grade tier
2026-08-15,runpod,A100,community_cloud,1.19,3,community tier - not comparable to dedicated
2026-08-16,vast.ai,H100,marketplace_on_demand,2.6696,31,median across verified rentable offers
2026-08-16,vast.ai,H200,marketplace_on_demand,4.1717,10,median across verified rentable offers
2026-08-16,vast.ai,B200,marketplace_on_demand,6.5658,20,median across verified rentable offers
2026-08-16,vast.ai,A100,marketplace_on_demand,0.8678,24,median across verified rentable offers
2026-08-16,runpod,H100,secure_cloud,3.19,3,datacenter-grade tier
2026-08-16,runpod,H100,community_cloud,2.59,3,community tier - not comparable to dedicated
2026-08-16,runpod,H200,secure_cloud,4.19,2,datacenter-grade tier
2026-08-16,runpod,H200,community_cloud,2.045,2,community tier - not comparable to dedicated
2026-08-16,runpod,B200,secure_cloud,6.79,1,datacenter-grade tier
2026-08-16,runpod,B200,community_cloud,5.98,1,community tier - not comparable to dedicated
2026-08-16,runpod,A100,secure_cloud,1.49,3,datacenter-grade tier
2026-08-16,runpod,A100,community_cloud,1.19,3,community tier - not comparable to dedicated
2026-08-17,vast.ai,H100,marketplace_on_demand,2.1356,27,median across verified rentable offers
2026-08-17,vast.ai,H200,marketplace_on_demand,3.9483,15,median across verified rentable offers
2026-08-17,vast.ai,B200,marketplace_on_demand,5.8778,7,median across verified rentable offers
2026-08-17,vast.ai,A100,marketplace_on_demand,0.8672,18,median across verified rentable offers
2026-08-17,runpod,H100,secure_cloud,3.19,3,datacenter-grade tier
2026-08-17,runpod,H100,community_cloud,2.59,3,community tier - not comparable to dedicated
2026-08-17,runpod,H200,secure_cloud,4.19,2,datacenter-grade tier
2026-08-17,runpod,H200,community_cloud,2.045,2,community tier - not comparable to dedicated
2026-08-17,runpod,B200,secure_cloud,6.79,1,datacenter-grade tier
2026-08-17,runpod,B200,community_cloud,5.98,1,community tier - not comparable to dedicated
2026-08-17,runpod,A100,secure_cloud,1.49,3,datacenter-grade tier
2026-08-17,runpod,A100,community_cloud,1.19,3,community tier - not comparable to dedicated
2026-08-18,vast.ai,H100,marketplace_on_demand,2.1356,25,median across verified rentable offers
2026-08-18,vast.ai,H200,marketplace_on_demand,3.9487,7,median across verified rentable offers
2026-08-18,vast.ai,A100,marketplace_on_demand,0.867,15,median across verified rentable offers
2026-08-18,runpod,H100,secure_cloud,3.19,3,datacenter-grade tier
2026-08-18,runpod,H100,community_cloud,2.59,3,community tier - not comparable to dedicated
2026-08-18,runpod,H200,secure_cloud,4.19,2,datacenter-grade tier
2026-08-18,runpod,H200,community_cloud,2.045,2,community tier - not comparable to dedicated
2026-08-18,runpod,B200,secure_cloud,6.79,1,datacenter-grade tier
2026-08-18,runpod,B200,community_cloud,5.98,1,community tier - not comparable to dedicated
2026-08-18,runpod,A100,secure_cloud,1.49,3,datacenter-grade tier
2026-08-18,runpod,A100,community_cloud,1.19,3,community tier - not comparable to dedicated
2026-08-19,vast.ai,H100,marketplace_on_demand,5.5078,13,median across verified rentable offers
2026-08-19,vast.ai,H200,marketplace_on_demand,3.8805,14,median across verified rentable offers
2026-08-19,vast.ai,B200,marketplace_on_demand,10.809,1,median across verified rentable offers
2026-08-19,vast.ai,A100,marketplace_on_demand,0.886,14,median across verified rentable offers
2026-08-19,runpod,H100,secure_cloud,3.19,3,datacenter-grade tier
2026-08-19,runpod,H100,community_cloud,2.59,3,community tier - not comparable to dedicated
2026-08-19,runpod,H200,secure_cloud,4.19,2,datacenter-grade tier
2026-08-19,runpod,H200,community_cloud,2.045,2,community tier - not comparable to dedicated
2026-08-19,runpod,B200,secure_cloud,6.79,1,datacenter-grade tier
2026-08-19,runpod,B200,community_cloud,5.98,1,community tier - not comparable to dedicated
2026-08-19,runpod,A100,secure_cloud,1.49,3,datacenter-grade tier
2026-08-19,runpod,A100,community_cloud,1.19,3,community tier - not comparable to dedicated
2026-08-20,vast.ai,H100,marketplace_on_demand,3.0689,16,median across verified rentable offers
2026-08-20,vast.ai,H200,marketplace_on_demand,4.0111,9,median across verified rentable offers
2026-08-20,vast.ai,B200,marketplace_on_demand,8.252,8,median across verified rentable offers
2026-08-20,vast.ai,A100,marketplace_on_demand,0.8733,11,median across verified rentable offers
2026-08-20,runpod,H100,secure_cloud,3.19,3,datacenter-grade tier
2026-08-20,runpod,H100,community_cloud,2.59,3,community tier - not comparable to dedicated
2026-08-20,runpod,H200,secure_cloud,4.19,2,datacenter-grade tier
2026-08-20,runpod,H200,community_cloud,2.045,2,community tier - not comparable to dedicated
2026-08-20,runpod,B200,secure_cloud,6.79,1,datacenter-grade tier
2026-08-20,runpod,B200,community_cloud,5.98,1,community tier - not comparable to dedicated
2026-08-20,runpod,A100,secure_cloud,1.49,3,datacenter-grade tier
2026-08-20,runpod,A100,community_cloud,1.19,3,community tier - not comparable to dedicated
2026-08-21,vast.ai,H100,marketplace_on_demand,2.6018,30,median across verified rentable offers
2026-08-21,vast.ai,H200,marketplace_on_demand,3.9357,23,median across verified rentable offers
2026-08-21,vast.ai,B200,marketplace_on_demand,8.4395,12,median across verified rentable offers
2026-08-21,vast.ai,A100,marketplace_on_demand,1.1163,10,median across verified rentable offers
2026-08-21,runpod,H100,secure_cloud,3.19,3,datacenter-grade tier
2026-08-21,runpod,H100,community_cloud,2.59,3,community tier - not comparable to dedicated
2026-08-21,runpod,H200,secure_cloud,4.19,2,datacenter-grade tier
2026-08-21,runpod,H200,community_cloud,2.045,2,community tier - not comparable to dedicated
2026-08-21,runpod,B200,secure_cloud,6.79,1,datacenter-grade tier
2026-08-21,runpod,B200,community_cloud,5.98,1,community tier - not comparable to dedicated
2026-08-21,runpod,A100,secure_cloud,1.49,3,datacenter-grade tier
2026-08-21,runpod,A100,community_cloud,1.19,3,community tier - not comparable to dedicated
2026-08-22,vast.ai,H100,marketplace_on_demand,2.5364,34,median across verified rentable offers
2026-08-22,vast.ai,H200,marketplace_on_demand,3.7356,35,median across verified rentable offers
2026-08-22,vast.ai,B200,marketplace_on_demand,7.2513,20,median across verified rentable offers
2026-08-22,vast.ai,A100,marketplace_on_demand,0.7327,21,median across verified rentable offers
2026-08-22,runpod,H100,secure_cloud,3.19,3,datacenter-grade tier
2026-08-22,runpod,H100,community_cloud,2.59,3,community tier - not comparable to dedicated
2026-08-22,runpod,H200,secure_cloud,4.19,2,datacenter-grade tier
2026-08-22,runpod,H200,community_cloud,2.045,2,community tier - not comparable to dedicated
2026-08-22,runpod,B200,secure_cloud,6.79,1,datacenter-grade tier
2026-08-22,runpod,B200,community_cloud,5.98,1,community tier - not comparable to dedicated
2026-08-22,runpod,A100,secure_cloud,1.49,3,datacenter-grade tier
2026-08-22,runpod,A100,community_cloud,1.19,3,community tier - not comparable to dedicated
2026-08-23,vast.ai,H100,marketplace_on_demand,2.4683,26,median across verified rentable offers
2026-08-23,vast.ai,H200,marketplace_on_demand,3.9349,35,median across verified rentable offers
2026-08-23,vast.ai,B200,marketplace_on_demand,7.2513,18,median across verified rentable offers
2026-08-23,vast.ai,A100,marketplace_on_demand,0.9352,22,median across verified rentable offers
2026-08-23,runpod,H100,secure_cloud,3.19,3,datacenter-grade tier
2026-08-23,runpod,H100,community_cloud,2.59,3,community tier - not comparable to dedicated
2026-08-23,runpod,H200,secure_cloud,4.19,2,datacenter-grade tier
2026-08-23,runpod,H200,community_cloud,2.045,2,community tier - not comparable to dedicated
2026-08-23,runpod,B200,secure_cloud,6.79,1,datacenter-grade tier
2026-08-23,runpod,B200,community_cloud,5.98,1,community tier - not comparable to dedicated
2026-08-23,runpod,A100,secure_cloud,1.49,3,datacenter-grade tier
2026-08-23,runpod,A100,community_cloud,1.19,3,community tier - not comparable to dedicated
2026-08-24,vast.ai,H100,marketplace_on_demand,2.6034,27,median across verified rentable offers
2026-08-24,vast.ai,H200,marketplace_on_demand,4.0535,26,median across verified rentable offers
2026-08-24,vast.ai,B200,marketplace_on_demand,6.9408,14,median across verified rentable offers
2026-08-24,vast.ai,A100,marketplace_on_demand,0.819,24,median across verified rentable offers
2026-08-24,runpod,H100,secure_cloud,3.19,3,datacenter-grade tier
2026-08-24,runpod,H100,community_cloud,2.59,3,community tier - not comparable to dedicated
2026-08-24,runpod,H200,secure_cloud,4.19,2,datacenter-grade tier
2026-08-24,runpod,H200,community_cloud,2.045,2,community tier - not comparable to dedicated
2026-08-24,runpod,B200,secure_cloud,6.79,1,datacenter-grade tier
2026-08-24,runpod,B200,community_cloud,5.98,1,community tier - not comparable to dedicated
2026-08-24,runpod,A100,secure_cloud,1.49,3,datacenter-grade tier
2026-08-24,runpod,A100,community_cloud,1.19,3,community tier - not comparable to dedicated
2026-08-25,vast.ai,H100,marketplace_on_demand,2.2689,21,median across verified rentable offers
2026-08-25,vast.ai,H200,marketplace_on_demand,4.2108,17,median across verified rentable offers
2026-08-25,vast.ai,B200,marketplace_on_demand,7.5016,16,median across verified rentable offers
2026-08-25,vast.ai,A100,marketplace_on_demand,0.8449,25,median across verified rentable offers
2026-08-25,runpod,H100,secure_cloud,3.19,3,datacenter-grade tier
2026-08-25,runpod,H100,community_cloud,2.59,3,community tier - not comparable to dedicated
2026-08-25,runpod,H200,secure_cloud,4.19,2,datacenter-grade tier
2026-08-25,runpod,H200,community_cloud,2.045,2,community tier - not comparable to dedicated
2026-08-25,runpod,B200,secure_cloud,6.79,1,datacenter-grade tier
2026-08-25,runpod,B200,community_cloud,5.98,1,community tier - not comparable to dedicated
2026-08-25,runpod,A100,secure_cloud,1.49,3,datacenter-grade tier
2026-08-25,runpod,A100,community_cloud,1.19,3,community tier - not comparable to dedicated
2026-08-26,vast.ai,H100,marketplace_on_demand,2.3926,24,median across verified rentable offers
2026-08-26,vast.ai,H200,marketplace_on_demand,4.1459,22,median across verified rentable offers
2026-08-26,vast.ai,B200,marketplace_on_demand,5.876,20,median across verified rentable offers
2026-08-26,vast.ai,A100,marketplace_on_demand,0.8678,18,median across verified rentable offers
2026-08-26,runpod,H100,secure_cloud,3.19,3,datacenter-grade tier
2026-08-26,runpod,H100,community_cloud,2.59,3,community tier - not comparable to dedicated
2026-08-26,runpod,H200,secure_cloud,4.19,2,datacenter-grade tier
2026-08-26,runpod,H200,community_cloud,2.045,2,community tier - not comparable to dedicated
2026-08-26,runpod,B200,secure_cloud,6.79,1,datacenter-grade tier
2026-08-26,runpod,B200,community_cloud,5.98,1,community tier - not comparable to dedicated
2026-08-26,runpod,A100,secure_cloud,1.49,3,datacenter-grade tier
2026-08-26,runpod,A100,community_cloud,1.19,3,community tier - not comparable to dedicated
2026-08-27,vast.ai,H100,marketplace_on_demand,2.4961,28,median across verified rentable offers
2026-08-27,vast.ai,H200,marketplace_on_demand,4.0029,15,median across verified rentable offers
2026-08-27,vast.ai,B200,marketplace_on_demand,6.0694,15,median across verified rentable offers
2026-08-27,vast.ai,A100,marketplace_on_demand,1.0011,27,median across verified rentable offers
2026-08-27,runpod,H100,secure_cloud,3.19,3,datacenter-grade tier
2026-08-27,runpod,H100,community_cloud,2.59,3,community tier - not comparable to dedicated
2026-08-27,runpod,H200,secure_cloud,4.19,2,datacenter-grade tier
2026-08-27,runpod,H200,community_cloud,2.045,2,community tier - not comparable to dedicated
2026-08-27,runpod,B200,secure_cloud,6.79,1,datacenter-grade tier
2026-08-27,runpod,B200,community_cloud,5.98,1,community tier - not comparable to dedicated
2026-08-27,runpod,A100,secure_cloud,1.49,3,datacenter-grade tier
2026-08-27,runpod,A100,community_cloud,1.19,3,community tier - not comparable to dedicated
2026-08-28,vast.ai,H100,marketplace_on_demand,2.6422,19,median across verified rentable offers
2026-08-28,vast.ai,H200,marketplace_on_demand,4.6058,18,median across verified rentable offers
2026-08-28,vast.ai,B200,marketplace_on_demand,6.4069,15,median across verified rentable offers
2026-08-28,vast.ai,A100,marketplace_on_demand,0.8007,25,median across verified rentable offers
2026-08-28,runpod,H100,secure_cloud,3.19,3,datacenter-grade tier
2026-08-28,runpod,H100,community_cloud,2.59,3,community tier - not comparable to dedicated
2026-08-28,runpod,H200,secure_cloud,4.19,2,datacenter-grade tier
2026-08-28,runpod,H200,community_cloud,2.045,2,community tier - not comparable to dedicated
2026-08-28,runpod,B200,secure_cloud,6.79,1,datacenter-grade tier
2026-08-28,runpod,B200,community_cloud,5.98,1,community tier - not comparable to dedicated
2026-08-28,runpod,A100,secure_cloud,1.49,3,datacenter-grade tier
2026-08-28,runpod,A100,community_cloud,1.19,3,community tier - not comparable to dedicated
2026-08-29,vast.ai,H100,marketplace_on_demand,2.5651,21,median across verified rentable offers
2026-08-29,vast.ai,H200,marketplace_on_demand,3.9951,28,median across verified rentable offers
2026-08-29,vast.ai,B200,marketplace_on_demand,6.0052,26,median across verified rentable offers
2026-08-29,vast.ai,A100,marketplace_on_demand,1.0011,16,median across verified rentable offers
2026-08-29,runpod,H100,secure_cloud,3.19,3,datacenter-grade tier
2026-08-29,runpod,H100,community_cloud,2.59,3,community tier - not comparable to dedicated
2026-08-29,runpod,H200,secure_cloud,4.19,2,datacenter-grade tier
2026-08-29,runpod,H200,community_cloud,2.045,2,community tier - not comparable to dedicated
2026-08-29,runpod,B200,secure_cloud,6.79,1,datacenter-grade tier
2026-08-29,runpod,B200,community_cloud,5.98,1,community tier - not comparable to dedicated
2026-08-29,runpod,A100,secure_cloud,1.49,3,datacenter-grade tier
2026-08-29,runpod,A100,community_cloud,1.19,3,community tier - not comparable to dedicated
2026-08-30,vast.ai,H100,marketplace_on_demand,2.8011,33,median across verified rentable offers
2026-08-30,vast.ai,H200,marketplace_on_demand,4.2777,21,median across verified rentable offers
2026-08-30,vast.ai,B200,marketplace_on_demand,6.1276,17,median across verified rentable offers
2026-08-30,vast.ai,A100,marketplace_on_demand,0.8015,15,median across verified rentable offers
2026-08-30,runpod,H100,secure_cloud,3.19,3,datacenter-grade tier
2026-08-30,runpod,H100,community_cloud,2.59,3,community tier - not comparable to dedicated
2026-08-30,runpod,H200,secure_cloud,4.19,2,datacenter-grade tier
2026-08-30,runpod,H200,community_cloud,2.045,2,community tier - not comparable to dedicated
2026-08-30,runpod,B200,secure_cloud,6.79,1,datacenter-grade tier
2026-08-30,runpod,B200,community_cloud,5.98,1,community tier - not comparable to dedicated
2026-08-30,runpod,A100,secure_cloud,1.49,3,datacenter-grade tier
2026-08-30,runpod,A100,community_cloud,1.19,3,community tier - not comparable to dedicated
2026-08-31,vast.ai,H100,marketplace_on_demand,3.0678,16,median across verified rentable offers
2026-08-31,vast.ai,H200,marketplace_on_demand,4.5363,24,median across verified rentable offers
2026-08-31,vast.ai,B200,marketplace_on_demand,6.0078,18,median across verified rentable offers
2026-08-31,vast.ai,A100,marketplace_on_demand,0.8006,18,median across verified rentable offers
2026-08-31,runpod,H100,secure_cloud,3.19,3,datacenter-grade tier
2026-08-31,runpod,H100,community_cloud,2.59,3,community tier - not comparable to dedicated
2026-08-31,runpod,H200,secure_cloud,4.19,2,datacenter-grade tier
2026-08-31,runpod,H200,community_cloud,2.045,2,community tier - not comparable to dedicated
2026-08-31,runpod,B200,secure_cloud,6.79,1,datacenter-grade tier
2026-08-31,runpod,B200,community_cloud,5.98,1,community tier - not comparable to dedicated
2026-08-31,runpod,A100,secure_cloud,1.49,3,datacenter-grade tier
2026-08-31,runpod,A100,community_cloud,1.19,3,community tier - not comparable to dedicated
2026-09-01,vast.ai,H100,marketplace_on_demand,3.0669,37,median across verified rentable offers
2026-09-01,vast.ai,H200,marketplace_on_demand,4.6055,23,median across verified rentable offers
2026-09-01,vast.ai,B200,marketplace_on_demand,6.0026,15,median across verified rentable offers
2026-09-01,vast.ai,A100,marketplace_on_demand,1.0006,11,median across verified rentable offers
2026-09-01,runpod,H100,secure_cloud,3.19,3,datacenter-grade tier
2026-09-01,runpod,H100,community_cloud,2.59,3,community tier - not comparable to dedicated
2026-09-01,runpod,H200,secure_cloud,4.19,2,datacenter-grade tier
2026-09-01,runpod,H200,community_cloud,2.045,2,community tier - not comparable to dedicated
2026-09-01,runpod,B200,secure_cloud,6.79,1,datacenter-grade tier
2026-09-01,runpod,B200,community_cloud,5.98,1,community tier - not comparable to dedicated
2026-09-01,runpod,A100,secure_cloud,1.49,3,datacenter-grade tier
2026-09-01,runpod,A100,community_cloud,1.19,3,community tier - not comparable to dedicated
2026-09-02,vast.ai,H100,marketplace_on_demand,3.1082,10,median across verified rentable offers
2026-09-02,vast.ai,H200,marketplace_on_demand,4.2236,19,median across verified rentable offers
2026-09-02,vast.ai,B200,marketplace_on_demand,6.0039,14,median across verified rentable offers
2026-09-02,vast.ai,A100,marketplace_on_demand,0.8022,9,median across verified rentable offers
2026-09-02,runpod,H100,secure_cloud,3.19,3,datacenter-grade tier
2026-09-02,runpod,H100,community_cloud,2.59,3,community tier - not comparable to dedicated
2026-09-02,runpod,H200,secure_cloud,4.19,2,datacenter-grade tier
2026-09-02,runpod,H200,community_cloud,2.045,2,community tier - not comparable to dedicated
2026-09-02,runpod,B200,secure_cloud,6.79,1,datacenter-grade tier
2026-09-02,runpod,B200,community_cloud,5.98,1,community tier - not comparable to dedicated
2026-09-02,runpod,A100,secure_cloud,1.49,3,datacenter-grade tier
2026-09-02,runpod,A100,community_cloud,1.19,3,community tier - not comparable to dedicated
2026-09-03,vast.ai,H100,marketplace_on_demand,3.069,30,median across verified rentable offers
2026-09-03,vast.ai,H200,marketplace_on_demand,3.9485,21,median across verified rentable offers
2026-09-03,vast.ai,B200,marketplace_on_demand,6.0104,1,median across verified rentable offers
2026-09-03,vast.ai,A100,marketplace_on_demand,0.7093,10,median across verified rentable offers
2026-09-03,runpod,H100,secure_cloud,3.19,3,datacenter-grade tier
2026-09-03,runpod,H100,community_cloud,2.59,3,community tier - not comparable to dedicated
2026-09-03,runpod,H200,secure_cloud,4.19,2,datacenter-grade tier
2026-09-03,runpod,H200,community_cloud,2.045,2,community tier - not comparable to dedicated
2026-09-03,runpod,B200,secure_cloud,6.79,1,datacenter-grade tier
2026-09-03,runpod,B200,community_cloud,5.98,1,community tier - not comparable to dedicated
2026-09-03,runpod,A100,secure_cloud,1.59,3,datacenter-grade tier
2026-09-03,runpod,A100,community_cloud,1.19,3,community tier - not comparable to dedicated
2026-09-04,vast.ai,H100,marketplace_on_demand,3.0689,25,median across verified rentable offers
2026-09-04,vast.ai,H200,marketplace_on_demand,4.2244,15,median across verified rentable offers
2026-09-04,vast.ai,B200,marketplace_on_demand,6.0078,16,median across verified rentable offers
2026-09-04,vast.ai,A100,marketplace_on_demand,0.9217,14,median across verified rentable offers
2026-09-04,runpod,H100,secure_cloud,3.19,3,datacenter-grade tier
2026-09-04,runpod,H100,community_cloud,2.59,3,community tier - not comparable to dedicated
2026-09-04,runpod,H200,secure_cloud,4.19,2,datacenter-grade tier
2026-09-04,runpod,H200,community_cloud,2.045,2,community tier - not comparable to dedicated
2026-09-04,runpod,B200,secure_cloud,6.79,1,datacenter-grade tier
2026-09-04,runpod,B200,community_cloud,5.98,1,community tier - not comparable to dedicated
2026-09-04,runpod,A100,secure_cloud,1.59,3,datacenter-grade tier
2026-09-04,runpod,A100,community_cloud,1.19,3,community tier - not comparable to dedicated
2026-09-05,vast.ai,H100,marketplace_on_demand,3.0672,29,median across verified rentable offers
2026-09-05,vast.ai,H200,marketplace_on_demand,3.9963,26,median across verified rentable offers
2026-09-05,vast.ai,B200,marketplace_on_demand,6.0052,13,median across verified rentable offers
2026-09-05,vast.ai,A100,marketplace_on_demand,0.731,8,median across verified rentable offers
2026-09-05,runpod,H100,secure_cloud,3.19,3,datacenter-grade tier
2026-09-05,runpod,H100,community_cloud,2.59,3,community tier - not comparable to dedicated
2026-09-05,runpod,H200,secure_cloud,4.19,2,datacenter-grade tier
2026-09-05,runpod,H200,community_cloud,2.045,2,community tier - not comparable to dedicated
2026-09-05,runpod,B200,secure_cloud,6.79,1,datacenter-grade tier
2026-09-05,runpod,B200,community_cloud,5.98,1,community tier - not comparable to dedicated
2026-09-05,runpod,A100,secure_cloud,1.59,3,datacenter-grade tier
2026-09-05,runpod,A100,community_cloud,1.19,3,community tier - not comparable to dedicated
2026-09-06,vast.ai,H100,marketplace_on_demand,2.9821,24,median across verified rentable offers
2026-09-06,vast.ai,H200,marketplace_on_demand,4.1461,31,median across verified rentable offers
2026-09-06,vast.ai,B200,marketplace_on_demand,7.6305,14,median across verified rentable offers
2026-09-06,vast.ai,A100,marketplace_on_demand,1.0006,5,median across verified rentable offers
2026-09-06,runpod,H100,secure_cloud,3.19,3,datacenter-grade tier
2026-09-06,runpod,H100,community_cloud,2.59,3,community tier - not comparable to dedicated
2026-09-06,runpod,H200,secure_cloud,4.19,2,datacenter-grade tier
2026-09-06,runpod,H200,community_cloud,2.045,2,community tier - not comparable to dedicated
2026-09-06,runpod,B200,secure_cloud,6.79,1,datacenter-grade tier
2026-09-06,runpod,B200,community_cloud,5.98,1,community tier - not comparable to dedicated
2026-09-06,runpod,A100,secure_cloud,1.59,3,datacenter-grade tier
2026-09-06,runpod,A100,community_cloud,1.19,3,community tier - not comparable to dedicated
